modified\b/0.jpg;0
modified\b/1.jpg;0
modified\b/10.jpg;0
modified\b/100.jpg;0
modified\b/11.jpg;0
modified\b/12.jpg;0
modified\b/13.jpg;0
modified\b/2.jpg;0
modified\b/3.jpg;0
modified\b/33.jpg;0
modified\b/34.jpg;0
modified\b/35.jpg;0
modified\b/36.jpg;0
modified\b/37.jpg;0
modified\b/38.jpg;0
modified\b/39.jpg;0
modified\b/4.jpg;0
modified\b/40.jpg;0
modified\b/41.jpg;0
modified\b/42.jpg;0
modified\b/43.jpg;0
modified\b/44.jpg;0
modified\b/45.jpg;0
modified\b/46.jpg;0
modified\b/47.jpg;0
modified\b/48.jpg;0
modified\b/49.jpg;0
modified\b/5.jpg;0
modified\b/6.jpg;0
modified\b/60.jpg;0
modified\b/66.jpg;0
modified\b/7.jpg;0
modified\b/8.jpg;0
modified\b/86.jpg;0
modified\b/88.jpg;0
modified\b/89.jpg;0
modified\b/9.jpg;0
modified\b/90.jpg;0
modified\b/93.jpg;0
modified\b/94.jpg;0
modified\b/95.jpg;0
modified\b/99.jpg;0
modified\s/0.jpg;1
modified\s/1.jpg;1
modified\s/16.jpg;1
modified\s/17.jpg;1
modified\s/18.jpg;1
modified\s/19.jpg;1
modified\s/2.jpg;1
modified\s/20.jpg;1
modified\s/21.jpg;1
modified\s/22.jpg;1
modified\s/23.jpg;1
modified\s/25.jpg;1
modified\s/34.jpg;1
modified\s/45.jpg;1
modified\s/46.jpg;1
modified\s/47.jpg;1
modified\s/48.jpg;1
modified\s/49.jpg;1
modified\s/50.jpg;1
modified\s/51.jpg;1
modified\s/52.jpg;1